year,month,pos_1,pos_2_3,pos_4_10,pos_11_20,pos_21_30,pos_31_40,pos_41_50,pos_51_60,pos_61_70,pos_71_80,pos_81_90,pos_91_100,etv,count,estimated_paid_traffic_cost
2026,7,0,2,2,8,10,5,3,6,3,1,0,0,67.88499962352216,40,232.75391060113907
2026,6,0,2,4,9,7,6,4,6,1,2,1,0,63.79299946129322,42,189.95553052425385
2026,5,0,0,6,5,10,5,3,3,1,1,1,0,55.00100001692772,35,134.97919856756926
2026,4,0,0,8,11,10,5,5,1,4,1,2,4,179.66000166535378,51,450.0347199626267
2026,3,0,0,9,9,15,9,6,3,3,1,3,6,216.51000314950943,64,530.1359109282494
2026,2,0,3,8,13,13,7,7,4,2,4,6,6,253.66300182044506,73,754.3627060819417
